frequency_hz,s21_db,s21_mag
100.0,-130.5109915918589,2.981607144551667e-07
101.00558217310326,-130.16540008039587,3.1026300608459464e-07
102.02127630127526,-129.81984879178864,3.2285503254051893e-07
103.04718406853331,-129.47433849990946,3.359565207931262e-07
104.08340818141139,-129.12886999273329,3.4958798695171473e-07
105.13005237924207,-128.78344407256333,3.6377076750403803e-07
106.18722144454186,-128.43806155625944,3.785270517727843e-07
107.25502121350186,-128.0927232754682,3.938799156354772e-07
108.33355858658307,-127.74743007685564,4.098533565557413e-07
109.42294153921813,-127.40218282234237,4.264723299756634e-07
110.52327913262182,-127.05698238934039,4.4376278712079055e-07
111.63468152470864,-126.71182967099259,4.617517142711383e-07
112.7572599811217,-126.36672557641398,4.804671735535823e-07
113.8911268863717,-126.02167103093522,4.999383453129466e-07
115.03639575508747,-125.67666697634819,5.201955721212027e-07
116.19318124338115,-125.33171437115311,5.412704044863564e-07
117.36159916032626,-124.98681419080799,5.631956483247416e-07
118.54176647955143,-124.64196742797988,5.86005414262785e-07
119.7338013509515,-124.29717509279737,6.097351688366658e-07
120.93782311251566,-123.9524382131053,6.344217876606734e-07
122.15395230227428,-123.6077578347209,6.601036106376427e-07
123.38231067036702,-123.26313502169108,6.868204992874569e-07
124.62302119123125,-122.91857085655174,7.146138962722126e-07
125.87620807591298,-122.57406644058779,7.435268871995029e-07
127.14199678450272,-122.22962289409475,7.736042647881108e-07
128.42051403869533,-121.88524135664116,8.048925954833274e-07
129.71188783447604,-121.54092298733238,8.374402886121789e-07
131.01624745493524,-121.19666896507462,8.712976681720525e-07
132.33372348321106,-120.85248048884033,9.065170473493334e-07
133.664447815562,-120.50835877793372,9.431528058681243e-07
135.00855367457234,-120.16430507225695,9.812614702725494e-07
136.36617562248838,-119.82032063257661,1.0209017972496338e-06
137.73744957469083,-119.47640674079018,1.0621348601035633e-06
139.12251281330114,-119.13256470019266,1.1050241384957532e-06
140.52150400092503,-118.78879583574303,1.1496356115691817e-06
141.93456319453492,-118.44510149433009,1.196037854579441e-06
143.3618318594913,-118.10148304503795,1.2443021391590418e-06
144.8034528837046,-117.75794187941091,1.2945025373458241e-06
146.25957059194113,-117.41447941171705,1.3467160295107996e-06
147.73033076027122,-117.07109707921084,1.4010226163250939e-06
149.215880630663,-116.72779634239458,1.4575054349104974e-06
150.716368925724,-116.38457868527782,1.5162508793228917e-06
152.23194586358977,-116.04144561563527,1.5773487255226892e-06
153.76276317296225,-115.69839866526259,1.6408922609915562e-06
155.3089741083007,-115.3554393902297,1.7069784191600423e-06
156.87073346516334,-115.01256937113166,1.7757079188158328e-06
158.44819759570538,-114.6697902133365,1.847185408668263e-06
160.04152442433139,-114.32710354723011,1.9215196172500624e-06
161.65087346350518,-113.98451102845755,1.9988235083433994e-06
163.2764058297199,-113.64201433816066,2.0792144421232763e-06
164.91828425962746,-113.2996151832115,2.162814342217416e-06
166.57667312633004,-112.95731529644172,2.2497498688881813e-06
168.25173845583691,-112.61511643686673,2.340152598548793e-06
169.94364794368533,-112.27302038990527,2.4341592098324602e-06
171.65257097172838,-111.93102896759339,2.5319116764402465e-06
173.37867862509353,-111.58914400879246,2.633557467000537e-06
175.12214370930965,-111.24736737939139,2.7392497521799903e-06
176.88314076760673,-110.90570097250219,2.849147619293654e-06
178.66184609839095,-110.56414670864818,2.9634162946694668e-06
180.45843777289375,-110.2227065359456,3.0822273740300437e-06
182.27309565299862,-109.881382430277,3.205759061162961e-06
184.10600140924865,-109.54017639545631,3.3341964151590592e-06
185.9573385390335,-109.19909046338555,3.4677316065064007e-06
187.8272923849593,-108.85812669420262,3.6065641823365726e-06
189.71605015340498,-108.51728717641906,3.7509013411290027e-06
191.62380093326348,-108.17657402704805,3.900958217187651e-06
193.55073571487125,-107.83598939172215,4.056958175214245e-06
195.4970474091302,-107.49553544479959,4.219133115311784e-06
197.46293086681985,-107.15521438945933,4.3877237887615816e-06
199.44858289810384,-106.81502845778428,4.56298012492745e-06
201.45420229223444,-106.47497991083156,4.745161569651091e-06
203.47998983745254,-106.13507103869023,4.934537435512795e-06
205.5261483410903,-105.79530416052481,5.131387264343094e-06
207.5928826498743,-105.45568162460538,5.336001202381457e-06
209.68039967043262,-105.1162058083224,5.548680388489783e-06
211.78890839001016,-104.77687911818661,5.769737355840276e-06
213.91861989739033,-104.43770398981286,5.999496447508569e-06
216.06974740402703,-104.09868288788788,6.2382942464156e-06
218.24250626539117,-103.75981830612065,6.486480020074366e-06
220.43711400252994,-103.42111276717554,6.744416180609647e-06
222.6537903238427,-103.08256882258716,7.012478760532623e-06
224.8927571470782,-102.74418905265627,7.291057904765479e-06
227.15423862154967,-102.40597606632676,7.580558379424009e-06
229.43846115057642,-102.06793250104221,7.881400097881525e-06
231.7456534141493,-101.73006102258205,8.194018664650354e-06
234.07604639182367,-101.39236432487681,8.518865937632288e-06
236.4298733858448,-101.05484512980098,8.85641060930507e-06
238.8073700445037,-100.71750618694412,9.207138807425562e-06
241.208774385728,-100.38035027335863,9.5715547158475e-06
243.63432682091172,-100.04338019328388,9.950181216067085e-06
246.08427017898325,-99.7065987778464,1.0343560550125684e-05
248.55884973071437,-99.37000888473511,1.0752255005515998e-05
251.05831321327696,-99.03361339785124,1.1176847622755761e-05
253.5829108550437,-98.69741522693229,1.1617942926309055e-05
256.13289540063835,-98.36141730714957,1.2076167679554546e-05
258.7085221362404,-98.0256225986785,1.2552171664518366e-05
261.31004891514164,-97.6900340862415,1.3046628487106725e-05
263.9377361835597,-97.35465477862269,1.3560236408593989e-05
266.5918470067139,-97.01948770815379,1.409371920414165e-05
269.2726470951604,-96.68453593017111,1.464782704914232e-05
271.9804048313926,-96.34980252244274,1.5223337434205143e-05
274.7153912967112,-96.0152905845657,1.5821056109619636e-05
277.47788029836204,-95.68100323733255,1.6441818060156343e-05
280.26814839694725,-95.34694362206714,1.7086488511085013e-05
283.08647493411354,-95.01311489992885,1.7755963966314766e-05
285.93314206051775,-94.67952025118524,1.845117327958256e-05
288.80843476407233,-94.34616287445282,1.917307875964105e-05
291.7126408984787,-94.01304598590508,1.992267731042283e-05
294.64605121204255,-93.6801728184484,2.070100160718005e-05
297.60895937678356,-93.3475466208646,2.150912130962873e-05
300.60166201783494,-93.01517065692097,2.2348144313149765e-05
303.6244587431384,-92.68304820444675,2.3219218039128306e-05
306.6776521734407,-92.35118255437627,2.4123530765542224e-05
309.76154797258874,-92.01957700975882,2.50623129989359e-05
312.87645487812983,-91.68823488473524,2.6036838888949235e-05
316.02268473222176,-91.3571595034805,2.704842768660108e-05
319.2005525128517,-91.02635419911348,2.8098445247556914e-05
322.41037636536805,-90.69582231257328,2.9188305581644182e-05
325.65247763433365,-90.36556719146225,3.0319472449914157e-05
328.9271808956936,-90.03559218885636,3.1493461010579014e-05
332.23481398927186,-89.70590066208274,3.271183951519449e-05
335.5757080515911,-89.37649597146502,3.3976231056490524e-05
338.95019754902296,-89.04738147903672,3.528831536929247e-05
342.35862031127425,-88.718560547223,3.66498306860165e-05
345.80131756520706,-88.39003653749157,3.806257564825877e-05
349.278633968999,-88.06181280897309,3.952841127604386e-05
352.7909176466498,-87.73389271705172,4.104926299634173e-05
356.3385202228323,-87.4062796119265,4.262712273250261e-05
359.9217968580931,-87.07897683714461,4.426405105631007e-05
363.54110628441106,-86.75198772810654,4.59621794044008e-05
367.1968108411099,-86.42531561054518,4.7723712360843975e-05
370.8892765111318,-86.09896379897879,4.955093000772996e-05
374.6188729576794,-85.77293559513927,5.1446190345670366e-05
378.38597356122256,-85.44723428637701,5.3411931786162206e-05
382.1909554568775,-85.12186314404316,5.545067571783079e-05
386.0341995721649,-84.79682542185058,5.7565029148624434e-05
389.91609066514485,-84.47212435421484,5.975768742609159e-05
393.8370173629347,-84.14776315457688,6.20314370379363e-05
397.79737220061793,-83.82374501370802,6.438915849511804e-05
401.797551660541,-83.50007309799958,6.683382929982064e-05
405.8379562120048,-83.17675054773841,6.936852700069213e-05
409.91899035135935,-82.85378047536959,7.199643233783138e-05
414.04106264249793,-82.53116596374845,7.47208324800666e-05
418.20458575775825,-82.20891006438357,7.754512435715267e-05
422.4099765192386,-81.88701579567214,8.047281808960044e-05
426.6576559405262,-81.56548614113,8.350754051892382e-05
430.9480492688444,-81.24432404761818,8.665303884118682e-05
435.2815860276286,-80.92353242356751,8.991318434682324e-05
439.6587000595236,-80.60311413720392,9.329197626978424e-05
444.07982956982016,-80.28307201477571,9.679354574918306e-05
448.5454171703216,-79.96340883878574,0.00010042215990668735
453.0559099236581,-79.64412734622978,0.00010418222604303248
457.6117593880416,-79.32523022684387,0.00010807829595711818
462.213421662472,-79.0067201213626,0.00011211507039127555
466.86135743240044,-78.68859961979024,0.00011629740360640352
471.55603201584904,-78.37087125968749,0.000120630308090787
476.29791540999355,-78.05353752447589,0.00012511895940653606
481.08748233821893,-77.73660084176164,0.00012976870117772116
485.92521229764384,-77.4200635816821,0.00013458505022439233
490.8115896071232,-77.1039280552764,0.00013957370184682243
495.7471034557372,-76.78819651288262,0.00014474053526445383
500.7322479517644,-76.47287114256412,0.00015009161921416246
505.7675221721466,-76.15795406856701,0.0001556332177126121
510.8534302124558,-75.84344734981082,0.00016137179598763317
515.9904812373593,-75.52935297841498,0.00016731402658370112
521.1791895315919,-75.2156728782632,0.00017346679564677264
526.4200745514456,-74.90240890360747,0.00017983720939390761
531.7136609767724,-74.58956283771427,0.0001864326007732648
537.0604787635095,-74.2771363915552,0.00019326053632025842
542.4610631967385,-73.96513120254318,0.00020032882321585128
547.9159549442719,-73.65354883331717,0.0002076455165531309
553.42570011078,-73.34239077057696,0.00021521892681854074
558.990850292466,-73.03165842396926,0.00022305762759433623
564.611962632286,-72.72135312502809,0.00023117046348903453
570.2895998757247,-72.41147612617007,0.00023956655830285778
576.0243304271369,-72.10202859974667,0.00024825532343540423
581.8167284066502,-71.79301163715499,0.0002572464665429832
587.6673737076401,-71.48442624800856,0.0002665500004533121
593.5768520547883,-71.17627335936909,0.0002761762523455279
599.5457550627194,-70.86855381504097,0.00028613587320368056
605.5746802952275,-70.56126837492951,0.00029643984755217396
611.664231325104,-70.25441771446351,0.0003070995034818804
617.8150177945583,-69.94800242408412,0.0003181265229759009
624.0276554762552,-69.64202300879958,0.00032953295254427995
630.3027663349593,-69.33647988780763,0.0003413312141772246
636.6409785898004,-69.03137339418582,0.0003535341166267029
643.0429267771704,-68.72670377464978,0.0003661548670266239
649.509251814243,-68.42247118938081,0.00037920708286206113
656.0406010631434,-68.11867571192202,0.0003927048042983912
662.6376283957546,-67.81531732914391,0.0004066625068814747
669.3009942591766,-67.5123959412793,0.0004210951146204011
676.0313657418498,-67.20991136202697,0.0004360180134646835
682.8294166403371,-66.90786331872462,0.0004514470651881051
689.6958275267773,-66.60625145259044,0.00046739862169184145
696.6312858170236,-66.3050753190325,0.00048388953973987046
703.6364858394603,-66.00433438802612,0.0005009371961400413
710.7121289045123,-65.7040280445582,0.0005185595033846161
717.8589233748587,-65.40415558913735,0.0005367749257645379
725.0775847363482,-65.10471623836975,0.0005556024959720504
732.3688356696246,-64.8057091255991,0.000575061832206795
739.7334061224823,-64.50713330160968,0.0005951731558009767
747.1720333829403,-64.20898773539159,0.0006159573093796012
754.6854621530523,-63.91127131496657,0.0006374357755723285
762.2744446234653,-63.613982848273096,0.0006596306962939972
769.9397405487216,-63.31712106410926,0.0006825648926113177
777.6821173233171,-63.02068461313213,0.0007062618852138344
785.5023500585324,-62.72467206891135,0.0007307459155077882
793.4012216600289,-62.42908192903576,0.000756041967352031
801.3795229062257,-62.133912616271246,0.0007821757894557623
809.4380525274707,-61.8391624797675,0.0008091739184584642
817.577617286002,-61.544829796312115,0.0008370637027129652
825.7990320567126,-61.25091277163022,0.0008658733267932416
834.1031199087341,-60.95740954172692,0.0008956318367492303
842.4907121878354,-60.66431817427123,0.000926369166131525
850.962648599647,-60.37163667001904,0.0009581161628095681
859.5197772937324,-60.07936296427265,0.0009909046166076936
868.162954948496,-59.787494928375374,0.0010247672877839902
876.8930468569446,-59.496030371238476,0.0010597379363778245
885.710927013321,-59.2049670408982,0.0010958513524526022
894.6174782005946,-58.91430262610115,0.0011331433872610653
903.6135920788458,-58.62403475791514,0.001171650985361401
912.7001692745297,-58.33416101136368,0.0012114122177131184
921.8781194706377,-58.04467890708189,0.0012524663157826082
931.148361497775,-57.75558591299108,0.001294853706689251
940.5118234261397,-57.46687944599066,0.0013386160494236754
949.9694426584415,-57.17855687366418,0.001383796272170973
959.5221660237441,-56.8906155159982,0.0014304386107724216
969.1709498722532,-56.60305264711137,0.0014785886483604193
978.9167601710642,-56.31586549699158,0.0015282933562023712
988.7605726008655,-56.02905125323943,0.0015796011357902366
998.7033726536137,-55.74260706281591,0.0016325618622136334
1008.7461557311995,-55.45653003379186,0.0016872269288555745
1018.889927245098,-55.17081723709805,0.0017436492934509214
1029.1357027170195,-54.8854657082736,0.0018018835255489798
1039.4845078805827,-54.600472449210706,0.0018619858554229148
1049.937378784001,-54.31583442989443,0.0019240142244697938
1060.4953618938007,-54.03154859013589,0.0019880283371464793
1071.1595141995917,-53.74761184129649,0.0020540897144880337
1081.9309033198836,-53.4640210680028,0.0021222617492564332
1092.8106076089634,-53.1807731298499,0.002192609762769037
1103.7997162648605,-52.89786486309182,0.00226520106345771
1114.8993294383856,-52.61529308231842,0.002340105007210818
1126.110558343266,-52.333054582117015,0.0024173930595520624
1137.4345253673994,-52.05114613871763,0.002497138859711711
1148.8723641852168,-51.76956451162127,0.002579418286647215
1160.4252198711736,-51.488306445210334,0.002664309527072071
1172.0942490143923,-51.20736867033966,0.002751893145553542
1183.8806198344507,-50.926747905908584,0.002842252156741379
1195.7855122983306,-50.64644086041273,0.0029354720997916955
1207.810118238554,-50.366444233475235,0.0030316411150520363
1219.9556414724996,-50.086754717357074,0.003130850023075375
1232.2232979229148,-49.80736899844655,0.003233192406032826
1244.6143157396527,-49.52828375872719,0.003338764691597009
1257.129935422623,-49.24949567722466,0.003447666239369681
1269.7714099459788,-48.97100143143271,0.003559999429929578
1282.5400048835563,-48.69279769871815,0.0036758697565785173
1295.4369985355845,-48.41488115770528,0.0037953859198658897
1308.4636820566436,-48.13724848964103,0.003918659924973633
1321.6213595849345,-47.85989637974035,0.0040458071820465786
1334.911348372847,-47.58282151851323,0.004176946609554864
1348.334978918818,-47.30602060307493,0.004312200740777145
1361.8935951005415,-47.02949033843918,0.004451695833496575
1375.5885543095076,-46.7532274387968,0.004595561983002846
1389.4212275868942,-46.47722862878056,0.0047439332384964965
1403.3929997608207,-46.201490644718376,0.0048969477229938
1417.5052695849947,-45.92601023587581,0.0050547477568332845
1431.759449878742,-45.65078416569088,0.005217479984886611
1446.1569676684442,-45.37580921300265,0.005385295507579502
1460.699264330409,-45.10108217327591,0.005558350015830597
1475.3877957351676,-44.82659985982508,0.005736803930017977
1490.2240323932217,-44.55235910503962,0.005920822543085879
1505.2094596022685,-44.27835676161404,0.006110576167906033
1520.3455775958944,-44.00458970378586,0.006306240289010113
1535.6339016937627,-43.731054828585194,0.006507995718811672
1551.0759624533252,-43.45774905709909,0.00671602875843847
1566.6733058230473,-43.18466933575537,0.006930531363296731
1582.4274932971714,-42.91181263762999,0.007151701313491388
1598.3401020720526,-42.639175963782236,0.007379742389227467
1614.4127252040514,-42.366756344623354,0.007614864551318577
1630.6469717690138,-42.094550841323404,0.0078572841269297
1647.0444670233712,-41.822556547261975,0.008107224000682277
1663.6068525668438,-41.55077058952918,0.008364913811248986
1680.3357865067803,-41.279190130483066,0.008630590153566294
1697.232943624167,-41.00781236937011,0.008904496786792086
1714.3000155412892,-40.73663454401653,0.00918688484813394
1731.5387108910788,-40.46565393259801,0.009478013072672613
1748.9507554881816,-40.19486785549585,0.009778148019302858
1766.5378925017274,-39.92427367724876,0.010087564302910058
1784.301882629839,-39.65386880860959,0.010406544832897718
1802.2445042759107,-39.38365070871658,0.010735381058176239
1820.3675537266442,-39.11361688739034,0.011074373218716628
1838.6728453318774,-38.843764907567554,0.011423830603766545
1857.1622116862234,-38.57409238788338,0.011784071816817456
1875.8375038125523,-38.304597005415204,0.012155425047402238
1894.7005913472785,-38.03527649860209,0.012538228349789578
1913.753362727547,-37.76612867035328,0.01293282992863113
1932.9977253803013,-37.497151391361676,0.013339588431599731
1952.4356059132192,-37.22834260363903,0.013758873249039875
1972.0689503076035,-36.95970032428922,0.014191064820633596
1991.8997241132015,-36.691222649538794,0.01463655494906008
2011.929912644979,-36.42290775904404,0.01509574712060288
2032.161521181869,-36.15475392049562,0.015569056832629213
2052.596575167538,-35.88675949454236,0.016056911927834185
2073.2371204131528,-35.6189229400582,0.01655975293510422
2094.085223302187,-35.35124281977687,0.017078033416814395
2115.1429709973036,-35.083717806320614,0.01761222032232806
2136.4124716493016,-34.816346688651215,0.01816279434741436
2157.8958546081612,-34.549128378972966,0.018730250299242742
2179.5952706362355,-34.28206192011868,0.019315097466549865
2201.512892123558,-34.01514649345275,0.019917859994500606
2223.6509133053223,-33.748381427326215,0.020539077263687807
2246.0115504815685,-33.48176620612096,0.021179304272626837
2268.5970422390537,-33.215300479923414,0.02183911202300149
2291.4096496753577,-32.94898407486904,0.022519087906811643
2314.451656625261,-32.682817004201866,0.023219836094453362
2337.72536988938,-32.41679948009628,0.023941977922627925
2361.2331194651,-32.15093192629018,0.024686152280832374
2384.977258779851,-31.88521499158135,0.02545301599502364
2408.9601649267106,-31.619649564242536,0.02624324420686916
2433.1842389023727,-31.35423678741263,0.02705753074680437
2457.6519058475337,-31.088978075524707,0.02789658849890373
2482.3656152896715,-30.823875131835337,0.028761149755335322
2507.3278413882695,-30.558929967121763,0.02965196655791457
2532.5410831825247,-30.2941449196175,0.030569811023990336
2558.0078648415274,-30.02952267626,0.03151547565358853
2583.730735916956,-29.765066295327447,0.032489773614403375
2609.712271598324,-29.50077923054453,0.033493539000861584
2635.9550729708076,-29.236665356741113,0.0345276270630847
2662.461767275616,-28.972728997150966,0.03559291440114066
2689.235008173027,-28.7089749524398,0.036690299119510855
2716.2774760080697,-28.445408531556037,0.03782070093618484
2743.5918780788293,-28.18203558450076,0.038985061240244076
2771.1809489074963,-27.918862537114318,0.04018434309120797
2799.0474505141465,-27.65589642798091,0.041419531152769744
2827.194172693221,-27.393144947554234,0.042691631552862284
2855.6239332928385,-27.130616479607255,0.04400167166126389
2884.3395784969016,-26.868320145111596,0.04535069977515961
2913.343983110032,-26.60626584865121,0.04673978470223872
2942.6400508453626,-26.34446432747444,0.048170015230017516
2972.2307146152607,-26.082927203286317,0.049642499469137465
3002.1189368249343,-25.821667036880584,0.05115836405739222
3032.307709669003,-25.560697385706135,0.052718753210200545
3062.8000554310706,-25.300032864455968,0.054324827602159884
3093.5990267862853,-25.039689208759977,0.05597776306318771
3124.7077071069443,-24.779683342051833,0.05767874907160708
3156.1292107711956,-24.520033445667863,0.05942898702535615
3187.8666834748187,-24.260759032221127,0.06122968827130916
3219.9233025461394,-24.001881022274944,0.06308207187151578
3252.3022772641416,-23.743421824317956,0.06498736208400545
3285.0068491797447,-23.485405418018086,0.06694678553467868
3318.0402924403174,-23.227857440701367,0.06896156805576815
3351.4059141174807,-22.97080527696703,0.07103293116540456
3385.107054538178,-22.714278151310346,0.0731620881620148
3419.147087619075,-22.458307223577947,0.07535023980666028
3453.529421204352,-22.202925687027992,0.07759856956603377
3488.2574974068625,-21.948168868708766,0.0799082383887263
3523.3347929527245,-21.69407433180219,0.08228037898763409
3558.764819529402,-21.440681979504383,0.0847160896020545
3594.5511241372637,-21.18803415993332,0.08721642721420185
3630.6972894446712,-20.93617577146251,0.08978240019666175
3667.20693414667,-20.685154367779187,0.09241496036978032
3704.08371332726,-20.43502026185831,0.09511499445124989
3741.3313188253037,-20.185826627925326,0.0978833148843394
3778.9534796041366,-19.937629600355343,0.10072065003641716
3816.953962124905,-19.690488368322832,0.10362763376574827
3855.3365707235957,-19.44446526487614,0.10660479436213324
3894.1051479919192,-19.199625848963343,0.109652542875917
3933.2635751620264,-18.95603897878723,0.1127711608602944
3972.8157724950242,-18.713776874714952,0.1159607875637901
4012.765699673465,-18.47291516981533,0.11922140662336243
4053.117356197788,-18.23353294595129,0.12255283232375175
4093.8747817866715,-17.99571275321572,0.12595469550549485
4135.042056781488,-17.759540610371914,0.1294264292224023
4176.623302554805,-17.5251059838532,0.13296725426904996
4218.622681922978,-17.29250174279192,0.1365761647198502
4261.044399562886,-17.06182408749513,0.14025191364319595
4303.892702432905,-16.83317244876926,0.143992999176662
4347.171880198067,-16.606649355527495,0.1477976511717815
4390.8862656594965,-16.382360268197193,0.151663818638934
4435.0402351882085,-16.160413375590693,0.1555891582436402
4479.638209163223,-15.940919353118009,0.15957102412423427
4524.684652414091,-15.723991080510233,0.1636064593165809
4570.184074667906,-15.509743317594754,0.16769218908318703
4616.141031000776,-15.298292337122653,0.17182461645065017
4662.560122293825,-15.0897555141947,0.17599982025983033
4709.4459956938335,-14.88425087246696,0.18021355602632447
4756.803345078461,-14.68189658803662,0.1844612598937534
4804.63691152615,-14.482810452704111,0.18873805593822415
4852.9514837907955,-14.2871092991704,0.19303876704839273
4901.751898781152,-14.094908391642154,0.1973579295614612
4951.043042045046,-13.906320786262434,0.20168981178116988
5000.8298482585205,-13.721456666737435,0.20602843643975094
5051.11730171984,-13.540422661464362,0.21036760709269856
5101.9104368484695,-13.36332114934885,0.21470093835446918
5153.214338689113,-13.190249562302036,0.21902188979662576
5205.034143420777,-13.021299693093605,0.22332380323981038
5257.375038870955,-12.856557017773797,0.22759994308003856
5310.242265035022,-12.696100042235063,0.2318435392012113
5363.641114600815,-12.539999682635708,0.23604783194275303
5417.576933478484,-12.388318689331541,0.24020611851730886
5472.055121335692,-12.241111123643993,0.24431180021173693
5527.081132138233,-12.098421896228633,0.24835842965821434
5582.660474695975,-11.960286375000873,0.2523397574336742
5638.798713214394,-11.82673006953763,0.256249777236957
5695.50146785166,-11.697768397632132,0.26008276890503046
5752.774415281217,-11.57340653826347,0.2638333385627516
5810.623289260126,-11.453639373694388,0.2674964552542339
5869.053881203118,-11.338451521778655,0.2710674834763086
5928.072040762328,-11.22781745789263,0.27454221112346106
5987.683676412953,-11.121701724256441,0.277916872455825
6047.894756044775,-11.020059222832812,0.2811881658135421
6108.711307559615,-10.922835586531638,0.28435326591803506
6170.139419474778,-10.829967622150221,0.28740983071922926
6232.185241532634,-10.741383817377603,0.2903560028633556
6294.854985316265,-10.65700490331351,0.2931904059648107
6358.154924871307,-10.576744463313883,0.29591213596428134
6422.0913973341,-10.500509578583694,0.2985207479411701
6486.670803566097,-10.428201500790683,0.3010162388192302
6551.899608794652,-10.359716342058649,0.3033990264589699
6617.784343260313,-10.29494577299743,0.30566992566825935
6684.331602870565,-10.233777719913402,0.30783012168385315
6751.548049860139,-10.176097052988775,0.3098811416820811
6819.440413458034,-10.121786257988589,0.3118248248680715
6888.015490561174,-10.07072608491727,0.3136632916713349
6957.280146414849,-10.02279616796881,0.3153989125433795
7027.241315300049,-9.977875612065056,0.3170342768124364
7097.906001227661,-9.935843542227122,0.3185721620035416
7169.2812786396335,-9.89657961295024,0.32001550398132
7241.374293117264,-9.859964475632026,0.3213673682198172
7314.192262096541,-9.825880202921857,0.3226309224504151
7387.742475590682,-9.794210669602133,0.3238094108867705
7462.03229692,-9.764841890272526,0.3249061301761006
7537.069163449043,-9.737662314682076,0.32592440717994114
7612.86058733115,-9.712563082038477,0.32686757864548843
7689.414156260556,-9.689438236022273,0.3277389727911962
7766.737534231999,-9.668184902548303,0.3285418927977201
7844.8384623079655,-9.648703432553758,0.3292796021676065
7923.7247593936745,-9.630897512258013,0.32995531189420385
8003.404323019915,-9.614674243441494,0.3305721693619112
8083.885130133587,-9.599944196336915,0.3311332488857321
8165.175237896348,-9.586621437724427,0.3316415437878093
8247.282784491284,-9.57462353677986,0.3320999599017418
8330.215989937551,-9.563871551150438,0.3325113103915954
8413.983156913353,-9.554289995630736,0.33287831177119726
8498.592671587194,-9.545806795690844,0.3332035810101067
8584.053004457342,-9.538353227973133,0.3334896336152097
8670.372711199901,-9.531863849729016,0.3337388825808238
8757.560433525337,-9.526276419016927,0.3339536381051926
8845.624900043622,-9.521531807330755,0.33413610797701576
8934.574927138045,-9.51757390617673,0.3342883985419545
9024.4194198479,-9.51434952896964,0.3344125161656424
9115.167372759968,-9.511808309476608,0.33451036911646964
9206.827870908968,-9.509902597901284,0.3345837697981227
9299.410090687132,-9.508587355573185,0.33463443726844894
9392.923300762855,-9.507820049087103,0.33466399998758867
9487.37686300859,-9.507560544626653,0.3346739987443911
9582.780233438129,-9.507771003103407,0.33466588971588507
9679.142963153256,-9.508415776649844,0.3346410476199442
9776.474699299904,-9.50946130691904,0.33460076892628565
9874.785186034014,-9.51087602556767,0.33454627509553214
9974.084265497026,-9.512630257229755,0.3344787158202763
10074.38187880115,-9.514696125227308,0.3343991722459107
10175.688067024732,-9.51704746020978,0.33430866015242994
10278.012972217339,-9.519659711865895,0.3342081330815211
10381.366838415208,-9.522509863809823,0.3340984853960178
10485.760012666755,-9.525576351706828,0.33398055526125286
10591.202946068533,-9.528838984672118,0.3338551275400131
10697.706194811375,-9.532278869949415,0.33372293659470187
10805.280421237374,-9.535878340852847,0.3335846689919772
10913.936394907165,-9.539620887936188,0.3334409661065761
11023.684993678191,-9.54349109333752,0.33329242662227343
11134.53720479369,-9.547474568233786,0.3331396089289929
11246.504125982634,-9.551557893329202,0.3329830334159852
11359.596966570827,-9.555728562292732,0.33282318466175165
11473.827048603054,-9.559974928053293,0.3326605135220268
11589.205807976521,-9.564286151856443,0.3324954391176511
11705.744795585793,-9.568652154982754,0.33232835072459455
11823.455678479178,-9.573063573025976,0.33215960956872687
11942.35024102672,-9.577511712627874,0.331989550528195
12062.440386100026,-9.581988510566372,0.3318184837464695
12183.738136263868,-9.58648649509432,0.33164669615926146
12306.255634979734,-9.59099874942718,0.3314744529386117
12430.00514782162,-9.595518877279801,0.3313019988575073
12554.999063703945,-9.600040970354485,0.3311295595783996
12681.249896121819,-9.604559577685079,0.33095734286899625
12808.77028440391,-9.609069676744525,0.3307855397486599
12937.57299497761,-9.613566646226333,0.3306143255687023
13067.670922647341,-9.618046240413404,0.3304438610297915
13199.077091885296,-9.622504565051033,0.3302742931396079
13331.804658135465,-9.626938054643963,0.33010575611380066
13465.866909130613,-9.631343451100864,0.32993837222319156
13601.277266222654,-9.635717783652712,0.32977225259007525
13738.049285726123,-9.640058349974982,0.3296074979363541
13876.19666027554,-9.64436269844665,0.3294441992861384
14015.733220196034,-9.648628611482284,0.3292824386253314
14156.672934888053,-9.652854089876428,0.3291222895206085
14299.029914225808,-9.657037338102723,0.328963817700088
14442.818409969981,-9.661176750512904,0.3288070815978847
14588.0528171943,-9.665270898383644,0.32865213286463363
14734.74767572691,-9.669318517762191,0.3284990168459582
14882.917671605783,-9.673318498063956,0.32834777303076873
15032.5776385491,-9.677269871378014,0.32819843547117034
15183.742559440243,-9.681171802438758,0.3280510331756688
15336.427567827883,-9.685023579224282,0.3279055904772709
15490.64794944084,-9.688824604144141,0.327762127377992
15646.41914371862,-9.692574385781432,0.32762065987119304
15803.756745356888,-9.696272531155902,0.3274812002430984
15962.676505868818,-9.699918738476818,0.3273437573547623
16123.194335161994,-9.703512790356077,0.3272083369056827
16285.326303131162,-9.707054547453735,0.3270749416801927
16449.088641267128,-9.710543942529736,0.32694357177769134
16614.49774428168,-9.713980974877169,0.32681422482771666
16781.570171748837,-9.717365705113817,0.3266868961908025
16950.322649762777,-9.720698250310111,0.3265615791460046
17120.772072612293,-9.723978779432915,0.32643826506593204
17292.93550447211,-9.72720750908577,0.3263169435800645
17466.830181111305,-9.730384699527384,0.3261976027270942
17642.4735116188,-9.733510650951272,0.32608022909698164
17819.883080146123,-9.73658570001035,0.32596480796337896
17999.07664766794,-9.739610216571457,0.3258513234070264
18180.0721537601,-9.742584600685511,0.32573975843069713
18362.887718395603,-9.745509279759919,0.3256300950662287
18547.541643758774,-9.748384705920714,0.3255223144741433
18734.052416077295,-9.75121135355259,0.32541639703633213
18922.43870747321,-9.75398971700574,0.325312322442247
19112.719377831974,-9.756720308459103,0.32521006976901595
19304.913476690723,-9.759403655930218,0.3251096175558729
19499.040245145316,-9.76204030142249,0.32501094387326873
19695.11911777675,-9.764630799201278,0.32491402638700567
19893.169724596544,-9.767175714190646,0.3248188424177188
20093.211893012285,-9.769675620483241,0.3247253689960035
20295.265649812303,-9.772131099956079,0.3246335829134755
20499.351223170786,-9.774542740985598,0.3245434607700251
20705.489044672795,-9.776911137255672,0.324454979017516
20913.699751359898,-9.77923688665266,0.32436811400016025
21124.00418779589,-9.78152059024194,0.3242828419917891
21336.423408153976,-9.783762851320798,0.3241991392302212
21550.978678324227,-9.78596427454267,0.3241169819489231
21767.691478042765,-9.788125465108275,0.3240363464061377
21986.583503042057,-9.79024702801925,0.3239572089116516
22207.676667223135,-9.792329567390333,0.32387954585135587
22430.99310484912,-9.794373685816197,0.32380333370975123
22656.555172761528,-9.796379983789535,0.32372854909053017
22884.38545261815,-9.798349059166913,0.3236551687353711
23114.506753153935,-9.800281506679385,0.3235831695410607
23346.94211246443,-9.802177917484853,0.3235125285750607
23581.714800312086,-9.80403887875949,0.32344322308962314
23818.848320456054,-9.805864973325583,0.32337523053455514
24058.366413005093,-9.807656779313442,0.323308528568724
24300.29305679416,-9.809414869855056,0.3232430950703911
24544.652471785157,-9.811139812807374,0.32317890814645633
24791.469121491602,-9.812832170503277,0.3231159461406865
25040.767715427697,-9.814492499528264,0.32305418764100285
25292.573211582207,-9.816121350521188,0.32299361148589095
25546.910818916997,-9.817719267997392,0.3229341967699968
25803.805999890643,-9.819286790192608,0.32287592284896893
26063.28447300772,-9.82082444892634,0.3228187693435969
26325.372215393505,-9.822332769483191,0.32276271614330243
26590.095465394556,-9.823812270511034,0.3227077434090268
26857.48072520573,-9.825263463934732,0.32265383157556066
27127.554763523014,-9.826686854884292,0.32260096135335936
27400.34461822386,-9.82808294163652,0.32254911372987954
27675.877599073603,-9.829452215569038,0.3224982699704769
27954.181290459797,-9.830795161125893,0.3224484116188967
28235.2835541536,-9.8321122557938,0.3223995204973902
28519.212532099355,-9.833403970088293,0.3223515787064856
28805.99664923155,-9.834670767548953,0.3223045686244434
29095.664616320977,-9.835913104743085,0.3222584729064191
29388.245432848646,-9.837131431277161,0.32221327448335957
29683.768389909234,-9.838326189815358,0.3221689565606557
29982.263073143393,-9.839497816104718,0.3221255026165711
30283.759365699876,-9.840646739006312,0.322082896400467
30588.287451226814,-9.841773380531937,0.32204112193084294
30895.877816893968,-9.842878155885844,0.32200016349320876
31206.56125644445,-9.843961473511124,0.321960005637804
31520.36887327784,-9.845023735140266,0.3219206331771806
31837.33208356388,-9.846065335849545,0.32188203118366165
32157.482619387916,-9.847086664116866,0.32184418498669
32480.85253192723,-9.84808810188276,0.3218070801700771
32807.47419466028,-9.84907002461416,0.321770702569166
33137.38030660727,-9.850032801370718,0.3217350382679159
33470.603895603985,-9.850976794873388,0.321700073595919
33807.17832160822,-9.851902361574991,0.3216657951253601
34147.13728003951,-9.852809851732543,0.3216321896679247
34490.51480515265,-9.853699609481147,0.32159924427166464
34837.34527344484,-9.854571972909211,0.3215669462178292
35187.66340709707,-9.855427274134808,0.3215352830176664
35541.504277450455,-9.856265839383049,0.3215042424092014
35898.90330851727,-9.857087989064212,0.32147381235399974
36259.89628052726,-9.857894037852578,0.3214439810339162
36624.51933350994,-9.858684294765759,0.32141473684783833
36992.80897091251,-9.859459063244424,0.32138606840842715
37364.80206325419,-9.860218641232272,0.32135796453885934
37740.535851817636,-9.860963321256191,0.3213304142695747
38120.047952377194,-9.86169339050643,0.3213034068350329
38503.37635896468,-9.862409130916749,0.3212769316704816
38890.559447673324,-9.863110819244437,0.32125097840873995
39281.63598049922,-9.863798727150094,0.321225536877
39676.645109222474,-9.86447312127715,0.3212005970936472
40075.626379326306,-9.865134263330992,0.32117614926510457
40478.61973395632,-9.86578241015771,0.3211521837826997
40885.6655179192,-9.866417813822327,0.32112869121955917
41296.80448172207,-9.867040721686525,0.3211056623275297
41712.077785651534,-9.86765137648576,0.32108308803412955
42131.527003895055,-9.868250016405792,0.32106095943952984
42555.19412870246,-9.868836875158532,0.32103926781356756
42983.12157459022,-9.869412182057179,0.3210180045927924
43415.35218258756,-9.869976162090644,0.3209971613775462
43851.9292245257,-9.870529035997215,0.3209767299290779
44292.89640736935,-9.871071020337423,0.32095670216669336
44738.297877592995,-9.87160232756611,0.32093707016494144
45188.17822559996,-9.87212316610367,0.3209178261508362
45642.58249018677,-9.872633740406439,0.32089896250111627
46101.55616305208,-9.873134251036202,0.32088047173954226
46565.14519335089,-9.873624894728888,0.3208623465342294
47033.39599229483,-9.874105864462303,0.32084457969502117
47506.355437798455,-9.874577349523022,0.32082716417089807
47984.070879172075,-9.875039535572341,0.32081009304742675
48466.59014186232,-9.875492604711356,0.3207933595442451
48953.961532239955,-9.875936735545094,0.32077695701258707
49446.23384243594,-9.876372103245753,0.32076087893284505
49943.45635522638,-9.876798879615002,0.32074511891216984
50445.6788489662,-9.877217233145387,0.3207296706821088
50952.95160257238,-9.87762732908079,0.32071452809628176
51465.32540055783,-9.87802932947599,0.32069968512809416
51982.85153811548,-9.878423393255304,0.3206851358684878
52505.58182625345,-9.878809676270317,0.32067087452372783
53033.56859698235,-9.879188331356696,0.3206568954132277
53566.86470855415,-9.879559508390114,0.32064319296740934
54105.52355075377,-9.879923354341267,0.3206297617256001
54649.5990502444,-9.880280013330006,0.32061659633396516
55199.14567596612,-9.880629626678566,0.3206036915434762
55754.21844458888,-9.880972332963955,0.32059104220791346
56314.87292602078,-9.881308268069422,0.3205786432819044
56881.16524897054,-9.881637565235119,0.3205664898189948
57453.15210656766,-9.881960355107847,0.3205545769697559
58030.89076203726,-9.882276765790014,0.3205428999799226
58614.4390544334,-9.882586922887711,0.3205314541885666
59203.8554044292,-9.882890949558,0.32052023502630134
59799.198820166035,-9.883188966555341,0.32050923801351944
60400.52890316014,-9.88348109227726,0.32049845875866134
61007.905854270466,-9.883767442809157,0.3204878929565164
61621.3904797247,-9.884048131968399,0.32047753638655374
62241.04419720722,-9.884323271347574,0.3204673849112838
62866.92904200761,-9.884592970356994,0.32045743447465097
63499.10767323158,-9.884857336266457,0.3204476811004541
64137.643380073176,-9.885116474246258,0.3204381208907968
64782.600088151805,-9.885370487407414,0.3204287500245682
65434.04236591111,-9.885619476841255,0.3204195647559479
66092.03543108361,-9.885863541658209,0.32041056141294283
66756.64515721975,-9.886102779025931,0.32040173639594915
67427.93808028249,-9.886337284206718,0.32039308617634193
68105.98140530885,-9.886567150594262,0.32038460729509055
68790.84301313772,-9.886792469749691,0.32037629636140086
69482.59146720536,-9.887013331436988,0.3203681500513825
70181.29602040982,-9.887229823657718,0.32036016510674215
70887.02662204397,-9.887442032685138,0.32035233833350013
71599.85392479814,-9.887650043097674,0.32034466660073274
72319.84929183382,-9.887853937811757,0.32033714683933767
73047.08480392772,-9.888053798114068,0.32032977604082324
73781.63326668771,-9.888249703693155,0.32032255125612086
74523.56821784202,-9.888441732670492,0.32031546959441964
75272.96393460117,-9.888629961630919,0.3203085282220241
76029.89544109389,-9.88881446565254,0.32030172436123294
76794.4385158785,-9.88899531833604,0.32029505528924007
77566.669699529,-9.889172591833454,0.3202885183370561
78346.66630229744,-9.889346356876379,0.3202821108884516
79134.50641185413,-9.889516682803698,0.3202758303789189
79930.26890110508,-9.889683637588702,0.3202696742946563
80734.03343608801,-9.889847287865766,0.32026364017157005
81545.88048394863,-9.890007698956492,0.32025772559429627
82365.89132099522,-9.890164934895333,0.3202519281952419
83194.14804083684,-9.890319058454764,0.32024624565364435
84030.73356260073,-9.89047013116995,0.32024067569464887
84875.73163923423,-9.890618213362943,0.3202352160884045
85729.22686588924,-9.890763364166435,0.32022986464917663
86591.30468839197,-9.890905641547022,0.3202246192344784
87462.05141179588,-9.891045102328052,0.32021947774421716
88341.55420902341,-9.891181802212017,0.32021443811985906
89229.90112959179,-9.891315795802523,0.3202094983436089
90127.18110842873,-9.891447136625825,0.3202046564376069
91033.48397477549,-9.891575877151967,0.3201999104631403
91948.90046118075,-9.8917020688155,0.32019525851987035
92873.52221258276,-9.891825762035776,0.3201906987450762
93807.44179548569,-9.891947006236922,0.32018622931291035
94750.7527072254,-9.892065849867347,0.3201818484336719
95703.54938533052,-9.892182340418906,0.3201775543530922
96665.92721697659,-9.892296524445712,0.32017334535163444
97637.98254853538,-9.892408447582545,0.3201692197438085
98619.81269522103,-9.892518154562932,0.3201651758774973
99611.5159508321,-9.892625689236866,0.32016121213329757
100613.19159759168,-9.892731094588177,0.32015732692387333
101624.9399160874,-9.892834412751562,0.32015351869332237
102646.86219531058,-9.892935685029315,0.32014978591655385
103679.06074279638,-9.893034951907678,0.3201461270986802
104721.63889486674,-9.893132253072924,0.320142540774419
105774.70102697522,-9.893227627427088,0.32013902550750845
106838.35256415587,-9.893321113103429,0.32013557989013225
107912.69999157834,-9.893412747481557,0.32013220254235775
108997.85086520818,-9.893502567202269,0.32012889211158435
110093.91382257428,-9.893590608182121,0.32012564727200254
111200.99859364564,-9.893676905627693,0.32012246672406375
112319.21601181627,-9.893761494049576,0.320119349193961
113448.67802500055,-9.893844407276088,0.3201162934331196
114589.4977068414,-9.89392567846674,0.32011329821769713
115741.78926803009,-9.8940053401254,0.3201103623480949
116905.66806774003,-9.89408342411323,0.3201074846484777
118081.25062517662,-9.894159961661371,0.3201046639663031
119268.65463124066,-9.894234983383354,0.32010189917186105
120467.99896031265,-9.894308519287296,0.32009918915782126
121679.4036821519,-9.894380598787833,0.3200965328387906
122902.9900739181,-9.894451250717832,0.3200939291508789
124138.88063231217,-9.89452050333989,0.3200913770512723
125387.19908584077,-9.89458838435755,0.3200888755178174
126648.07040720138,-9.894654920926381,0.3200864235486107
127921.62082579559,-9.894720139664765,0.32008402016159865
129207.97784036468,-9.894784066664498,0.32008166439418445
130507.27023175474,-9.894846727501218,0.320079355302842
131819.6280758088,-9.894908147244566,0.32007709196273915
133145.1827563903,-9.894968350468192,0.320074873467367
134484.0669785342,-9.895027361259553,0.3200726989281771
135836.41478173473,-9.895085203229504,0.32007056747422574
137202.3615533626,-9.895141899521732,0.32006847825182505
138582.04404222005,-9.895197472821957,0.320066430424202
139975.60037223087,-9.895251945367004,0.3200644231711622
141383.17005626814,-9.895305338953662,0.32006245568876246
142804.8940101221,-9.895357674947382,0.32006052718898825
144240.91456660707,-9.895408974290792,0.32005863689943875
145691.37548981013,-9.895459257512062,0.32005678406301713
147156.42198948475,-9.895508544733097,0.3200549679376274
148636.20073558777,-9.895556855677558,0.3200531877958775
150130.85987296267,-9.895604209678728,0.320051442924788
151640.54903617167,-9.895650625687257,0.320049732625506
153165.41936447547,-9.89569612227868,0.32004805621302646
154705.62351696365,-9.895740717660892,0.3200464130159162
156261.31568783865,-9.89578442968136,0.3200448023760466
157832.65162185233,-9.895827275834279,0.3200432236483291
159419.7886298977,-9.895869273267552,0.3200416762004573
161022.8856047587,-9.895910438789643,0.320040159412653
162642.1030370168,-9.895950788876274,0.32003867267741914
164277.60303111744,-9.895990339677024,0.3200372153992952
165929.54932159986,-9.896029107021748,0.32003578699462004
167598.10728948863,-9.896067106426953,0.3200343868912967
169283.44397885003,-9.896104353101936,0.32003301452856464
170985.7281135168,-9.896140861954908,0.320031669356774
172705.13011397695,-9.896176647598914,0.32003035083716624
174441.82211443808,-9.8962117243577,0.3200290584416579
176195.97798005756,-9.896246106271423,0.3200277916526291
177967.77332435016,-9.896279807102248,0.32002654996271684
179757.38552676846,-9.896312840339874,0.32002533287461077
181564.99375046234,-9.896345219206912,0.32002413990085443
183390.77896021286,-9.896376956664154,0.3200229705636508
185234.92394055217,-9.896408065415788,0.32002182439466925
187097.61331405997,-9.896438557914442,0.3200207009348594
188979.03355984803,-9.896468446366175,0.32001959973426675
190879.3730322285,-9.896497742735363,0.3200185203518522
192798.82197957207,-9.896526458749463,0.32001746235531586
194737.57256335154,-9.896554605903724,0.32001642532092334
196695.81887738284,-9.896582195465765,0.3200154088333365
198673.7569672535,-9.896609238480075,0.3200144124854471
200671.5848499509,-9.896635745772462,0.32001343587821285
202689.502533686,-9.89666172795433,0.32001247862049925
204727.7120379162,-9.896687195426972,0.3200115403289211
206786.41741357147,-9.8967121583857,0.32001062062768987
208865.82476348148,-9.89673662682392,0.3200097191484635
210966.14226300837,-9.896760610537147,0.32000883553019777
213087.58018088908,-9.896784119126902,0.320007969419003
215230.35090028544,-9.896807162004578,0.32000712046800084
217394.6689400461,-9.896829748395161,0.3200062883371868
219580.75097618383,-9.896851887340974,0.32000547269329266
221788.81586356682,-9.89687358770524,0.32000467320965437
224019.08465782792,-9.896894858175664,0.3200038895660799
226271.78063749638,-9.896915707267896,0.3200031214487219
228547.12932635058,-9.89693614332893,0.32000236854995157
230845.3585159954,-9.896956174540449,0.32000163056823555
233166.69828866833,-9.896975808922107,0.320000907208015
235511.3810402729,-9.896995054334722,0.3200001981795873
237879.64150364345,-9.89701391848342,0.31999950319899023
240271.7167720463,-9.897032408920728,0.319998821987888
242687.8463229154,-9.897050533049594,0.31999815427345946
245128.27204182663,-9.89706829812634,0.3199974997882895
247593.23824671557,-9.897085711263571,0.31999685827026153
250082.99171233337,-9.897102779433022,0.3199962294624523
252597.78169495618,-9.897119509468343,0.3199956131130294
255137.85995733523,-9.897135908067835,0.31999500897515015
257703.48079390364,-9.897151981797128,0.3199944168068629
260294.90105623344,-9.89716773709181,0.31999383637101
262912.38017875195,-9.897183180260008,0.3199932674351323
265556.1802047107,-9.897198317484895,0.31999270977137734
268226.56581242353,-9.897213154827178,0.31999216315640694
270923.80434176064,-9.897227698227523,0.3199916273713079
273648.16582091484,-9.89724195350893,0.31999110220150456
276399.9229934337,-9.897255926379051,0.3199905874366732
279179.3513455271,-9.897269622432502,0.3199900828706568
281986.7291336428,-9.897283047153069,0.3199895883013834
284822.337412328,-9.897296205915916,0.3199891035307851
287686.4600623627,-9.89730910398976,0.31998862836471753
290579.383819182,-9.897321746538935,0.31998816261288393
293501.39830158127,-9.897334138625487,0.31998770608875765
296452.79604071047,-9.897346285211196,0.3199872586095078
299433.8725093617,-9.897358191159562,0.31998681999592565
302444.9261515489,-9.897369861237745,0.3199863900723538
305486.25841238454,-9.897381300118466,0.31998596866661516
308558.17376826,-9.897392512381916,0.31998555560994335
311660.9797573269,-9.89740350251753,0.31998515073691686
314794.98701028526,-9.897414274925838,0.31998475388539077
317960.50928148313,-9.897424833920184,0.3199843648964335
321157.86348032637,-9.897435183728488,0.31998398361426184
324387.3697030042,-9.897445328494904,0.31998360988617985
327649.3512645365,-9.897455272281515,0.3199832435625162
330944.13473114156,-9.897465019069928,0.3199828844965654
334272.0499529284,-9.897474572762878,0.31998253254452896
337633.43009692157,-9.897483937185802,0.3199821875654569
341028.6116804136,-9.897493116088347,0.3199818494211923
344457.9346046538,-9.897502113145896,0.3199815179763153
347921.74218887824,-9.897510931961014,0.3199811930980894
351420.38120468025,-9.897519576064916,0.31998087465640773
354954.2019107257,-9.89752804891886,0.31998056252374124
358523.5580878213,-9.897536353915537,0.31998025657508783
362128.80707432755,-9.89754449438044,0.3199799566879218
365770.3098019389,-9.897552473573182,0.31997966274214523
369448.43083181215,-9.897560294688803,0.31997937462003956
373163.538391067,-9.897567960859057,0.3199790922062186
376916.00440964854,-9.897575475153662,0.31997881538758216
380706.2045575655,-9.897582840581524,0.31997854405327086
384534.51828249404,-9.897590060091936,0.3199782780946222
388401.3288477717,-9.897597136575785,0.31997801740512594
392307.0233707615,-9.897604072866677,0.3199777618803824
396251.9928616103,-9.897610871742092,0.31997751141806047
400236.63226239267,-9.897617535924494,0.31997726591785597
404261.34048665257,-9.897624068082411,0.31997702528145233
408326.5204593342,-9.897630470831505,0.3199767894124811
412432.57915712654,-9.89763674673563,0.3199765582164826
416579.92764920107,-9.897642898307854,0.3199763316008689
420768.9811383683,-9.897648928011456,0.31997610947488647
425000.1590026445,-9.897654838260914,0.31997589174957985
429273.88483723515,-9.897660631422893,0.3199756783377557
433590.58649694576,-9.89766630981716,0.31997546915394853
437950.6961390134,-9.897671875717535,0.3199752641143858
442354.6502663694,-9.8976773313528,0.3199750631369547
446802.88977134175,-9.897682678907572,0.31997486614116954
451295.8599797931,-9.897687920523206,0.3199746730481388
455834.01069570245,-9.897693058298628,0.3199744837805342
460417.79624619964,-9.897698094291192,0.31997429826255963
465047.6755270468,-9.897703030517496,0.31997411641992
469724.1120485784,-9.897707868954186,0.3199739381797929
474447.573982107,-9.897712611538754,0.31997376347079814
479218.5342067925,-9.89771726017031,0.31997359222296995
484037.47035698226,-9.897721816710357,0.31997342436772835
488904.86487003154,-9.897726282983498,0.31997325983785246
493821.2050345997,-9.897730660778215,0.3199730985674528
498786.98303943186,-9.897734951847546,0.31997294049194547
503802.69602263655,-9.897739157909813,0.31997278554802594
508868.8461214543,-9.897743280649294,0.3199726336736437
513985.94052252744,-9.897747321716901,0.31997248480797785
519154.49151267967,-9.897751282730852,0.3199723388914121
524375.0165301955,-9.8977551652773,0.3199721958655112
529648.038216631,-9.897758970910981,0.31997205567299786
534974.0844691291,-9.897762701155832,0.31997191825772936
540353.6884932737,-9.897766357505608,0.319971783564675
545787.3888564674,-9.897769941424471,0.3199716515398943
551275.7295418544,-9.89777345434758,0.3199715221305156
556819.2600027716,-9.897776897681661,0.3199713952847146
562418.5352177656,-9.89778027280558,0.3199712709516934
568074.1157461446,-9.897783581070891,0.3199711490816607
573786.5677841024,-9.897786823802369,0.3199710296258114
579556.4632213999,-9.897790002298555,0.3199709125363073
585384.3796986226,-9.897793117832265,0.3199707977662576
591270.9006650025,-9.897796171651098,0.3199706852697008
597216.6154368374,-9.897799164977956,0.31997057500158543
603222.1192564816,-9.897802099011493,0.31997046691775305
609288.0133519411,-9.897804974926645,0.3199703609749194
615414.9049970639,-9.89780779387506,0.31997025713065774
621603.4075723342,-9.897810556985586,0.3199701553433819
627854.1406262834,-9.897813265364695,0.3199700555723296
634167.7299375127,-9.897815920096956,0.3199699577775458
640544.8075773385,-9.897818522245458,0.3199698619198667
646986.0119730756,-9.897821072852222,0.3199697679609047
653491.9879719492,-9.897823572938641,0.31996967586303227
660063.3869056526,-9.897826023505866,0.31996958558936744
666700.8666555568,-9.897828425535234,0.3199694971037583
673405.0917185707,-9.897830779988627,0.3199694103707698
680176.7332736631,-9.897833087808895,0.319969325355668
687016.4692490599,-9.897835349920198,0.31996924202440735
693924.9843901126,-9.897837567228407,0.31996916034361633
700902.9703278485,-9.897839740621436,0.31996908028058485
707951.1256482159,-9.897841870969629,0.3199690018032501
715070.1559620189,-9.897843959126083,0.3199689248801848
722260.7739755554,-9.897846005927002,0.3199688494805839
729523.699561972,-9.89784801219203,0.3199687755742524
736859.6598333314,-9.897849978724587,0.3199687031315932
744269.389213404,-9.897851906312166,0.3199686321235958
751753.6295111994,-9.897853795726673,0.3199685625218238
759313.12999522,-9.897855647724736,0.31996849429840407
766948.6474684852,-9.897857463047984,0.3199684274260156
774660.9463442856,-9.897859242423372,0.31996836187787836
782450.7987227176,-9.897860986563458,0.31996829762774237
790318.9844679765,-9.897862696166682,0.31996823464987806
798266.2912864381,-9.897864371917663,0.31996817291906476
806293.5148055062,-9.897866014487462,0.3199681124105815
814401.4586532789,-9.897867624533852,0.3199680531001967
822590.9345389901,-9.89786920270158,0.3199679949641588
830862.7623342786,-9.897870749622633,0.31996793797918616
839217.7701552645,-9.897872265916472,0.31996788212245864
847656.7944454616,-9.897873752190318,0.3199678273716071
856180.6800595028,-9.897875209039338,0.31996777370470636
864790.2803477363,-9.897876637046947,0.3199677211002644
873486.4572416438,-9.897878036784993,0.31996766953721495
882270.081340138,-9.897879408814008,0.31996761899490894
891142.031996719,-9.897880753683422,0.3199675694531062
900103.1974075072,-9.897882071931805,0.3199675208919667
909154.4747001687,-9.897883364087045,0.3199674732920436
918296.7700237252,-9.897884630666603,0.31996742663427474
927530.9986392679,-9.89788587217768,0.3199673808999755
936858.0850115919,-9.897887089117447,0.3199673360708309
946278.9629017462,-9.897888281973236,0.3199672921288884
955794.5754605116,-9.897889451222733,0.3199672490565509
965405.8753228295,-9.897890597334168,0.3199672068365695
975113.8247031684,-9.89789172076651,0.31996716545203663
984919.3954918499,-9.897892821969647,0.3199671248863792
994823.5693523535,-9.89789390138455,0.31996708512335237
1004827.3378195893,-9.897894959443498,0.31996704614703214
1014931.7023991722,-9.89789599657018,0.3199670079418102
1025137.6746676728,-9.897897013179927,0.31996697049238665
1035446.2763738952,-9.897898009679846,0.31996693378376434
1045858.5395411738,-9.897898986468993,0.3199668978012429
1056375.5065706791,-9.897899943938528,0.3199668625304125
1066998.230345782,-9.897900882471875,0.31996682795714865
1077727.7743374675,-9.897901802444881,0.3199667940676058
1088565.212710789,-9.897902704225952,0.31996676084821263
1099511.630432411,-9.89790358817621,0.31996672828566597
1110568.1233792375,-9.897904454649645,0.3199666963669256
1121735.7984481077,-9.89790530399324,0.31996666507920934
1133015.7736666207,-9.89790613654712,0.3199666344099875
1144409.1783050592,-9.897906952644686,0.3199666043469784
1155917.1529894536,-9.897907752612753,0.3199665748781428
1167540.8498157596,-9.897908536771673,0.3199665459916794
1179281.432465204,-9.89790930543547,0.3199665176760204
1191140.076320792,-9.897910058911961,0.31996648991982635
1203117.9685849638,-9.897910797502881,0.3199664627119819
1215216.308398455,-9.897911521504003,0.3199664360415914
1227436.3069603548,-9.89791223120526,0.31996640989797437
1239779.1876493464,-9.897912926890857,0.31996638427066115
1252246.1861461916,-9.89791360883939,0.319966359149389
1264838.5505574443,-9.897914277323945,0.31996633452409784
1277557.5415403892,-9.89791493261223,0.319966310384926
1290404.4324292543,-9.897915574966653,0.31996628672220684
1303380.5093626985,-9.89791620464445,0.31996626352646435
1316487.0714125538,-9.89791682189779,0.31996624078840924
1329725.4307138862,-9.89791742697385,0.31996621849893586
1343096.912596367,-9.897918020114936,0.3199661966491183
1356602.855716938,-9.89791860155858,0.3199661752302064
1370244.612193836,-9.897919171537627,0.31996615423362257
1384023.5477419663,-9.897919730280325,0.3199661336509587
1397941.0418096124,-9.897920278010437,0.3199661134739719
1411998.4877165426,-9.897920814947298,0.31996609369458234
1426197.292793509,-9.897921341305931,0.3199660743048689
1440538.8785231235,-9.89792185729712,0.31996605529706695
1455024.6806821723,-9.8979223631275,0.3199660366635644
1469656.1494853664,-9.897922858999635,0.31996601839689925
1484434.7497305088,-9.897923345112105,0.31996600048975643
1499361.9609451473,-9.89792382165957,0.31996598293496487
1514439.277534705,-9.897924288832874,0.31996596572549435
1529668.2089320694,-9.897924746819097,0.3199659488544533
1545050.2797487166,-9.897925195801648,0.3199659323150854
1560587.0299273534,-9.897925635960323,0.3199659161007673
1576280.0148960662,-9.89792606747139,0.3199659002050058
1592130.8057240488,-9.897926490507649,0.31996588462143527
1608140.989278897,-9.897926905238512,0.31996586934381493
1624312.1683854535,-9.897927311830054,0.3199658543660269
1640645.9619862863,-9.897927710445112,0.3199658396820729
1657144.0053037573,-9.897928101243302,0.3199658252860727
1673807.950003743,-9.897928484381133,0.3199658111722612
1690639.4643609677,-9.89792886001203,0.31996579733498637
1707640.2334260284,-9.897929228286417,0.319965783768707
1724811.9591941012,-9.89792958935178,0.3199657704679901
1742156.3607753122,-9.8979299433527,0.31996575742750943
1759675.1745668515,-9.897930290430953,0.3199657446420427
1777370.1544268213,-9.897930630725524,0.31996573210646967
1795243.0718497972,-9.897930964372682,0.31996571981577066
1813295.7161441883,-9.897931291506048,0.3199657077650234
1831529.8946113812,-9.897931612256622,0.3199656959494021
1849947.4327266524,-9.897931926752847,0.3199656843641752
1868550.174321931,-9.897932235120678,0.3199656730047031
1887339.9817704044,-9.897932537483593,0.3199656618664367
1906318.7361729399,-9.897932833962678,0.31996565094491586
1925488.3375464205,-9.897933124676666,0.31996564023576657
1944850.7050139718,-9.89793340974197,0.31996562973470044
1964407.7769970675,-9.897933689272755,0.319965619437512
1984161.5114096021,-9.897933963380956,0.3199656093400779
2004113.8858539155,-9.897934232176341,0.3199655994383543
2024266.8978187516,-9.897934495766558,0.31996558972837597
2044622.5648792454,-9.897934754257157,0.3199655802062545
2065182.9248989199,-9.897935007751661,0.31996557086817656
2085950.0362336782,-9.897935256351584,0.31996556171040247
2106925.9779378828,-9.89793550015647,0.3199655527292653
2128112.8499725102,-9.897935739263966,0.319965543921168
2149512.7734153555,-9.897935973769817,0.31996553528258354
2171127.8906733957,-9.897936203767934,0.3199655268100525
2192960.3656972824,-9.897936429350425,0.3199655185001818
2215012.384197957,-9.897936650607624,0.3199655103496438
2237286.153865479,-9.897936867628141,0.31996550235517435
2259783.90459006,-9.897937080498876,0.3199654945135722
2282507.8886852767,-9.897937289305084,0.31996548682169684
2305460.3811135697,-9.897937494130375,0.3199654792764682
2328643.6797140087,-9.897937695056777,0.31996547187486457
2352060.105432311,-9.897937892164757,0.31996546461392184
2375712.002553215,-9.897938085533246,0.31996545749073235
2399601.738935162,-9.89793827523968,0.3199654505024436
2423731.706247372,-9.89793846136003,0.31996544364625695
2448104.32020925,-9.897938643968825,0.3199654369194268
2472722.0208322424,-9.897938823139201,0.3199654303192593
2497587.272664133,-9.8979389989429,0.3199654238431114
2522702.565035742,-9.897939171450332,0.31996541748838947
2548070.4123101574,-9.897939340730574,0.319965411252549
2573693.35413447,-9.897939506851419,0.31996540513309246
2599573.9556939923,-9.89793966987939,0.31996539912756944
2625714.807969084,-9.897939829879778,0.3199653932335747
2652118.5279945564,-9.897939986916649,0.3199653874487483
2678787.759121641,-9.897940141052894,0.31996538177077344
2705725.171282638,-9.897940292350242,0.31996537619737625
2732933.461258227,-9.897940440869275,0.31996537072632486
2760415.3529474162,-9.897940586669472,0.31996536535542847
2788173.5976402583,-9.897940729809227,0.31996536008253584
2816210.9742933037,-9.897940870345852,0.31996535490553574
2844530.2898077774,-9.897941008335627,0.31996534982235497
2873134.379310604,-9.897941143833815,0.31996534483095784
2902026.106438256,-9.897941276894679,0.31996533992934534
2931208.363623405,-9.897941407571501,0.3199653351155548
2960684.0723845107,-9.897941535916615,0.31996533038765834
2990456.1836183206,-9.897941661981417,0.3199653257437626
3020527.6778952535,-9.897941785816391,0.31996532118200793
3050901.5657578153,-9.897941907471129,0.3199653167005675
3081580.8880220074,-9.897942026994347,0.31996531229764674
3112568.716081717,-9.89794214443391,0.31996530797148237
3143868.1522162207,-9.89794225983685,0.31996530372034193
3175482.329900781,-9.897942373249377,0.31996529954252306
3207414.414120311,-9.89794248471691,0.3199652954363527
3239667.6016862458,-9.89794259428409,0.31996529140018637
3272245.121556608,-9.897942701994793,0.3199652874324079
3305150.235159226,-9.897942807892152,0.3199652835314283
3338386.2367182644,-9.897942912018577,0.3199652796956852
3371956.4535840396,-9.897943014415759,0.31996527592364293
3405864.2465660893,-9.897943115124718,0.3199652722137904
3440113.0102696596,-9.897943214185771,0.3199652685646424
3474706.173435534,-9.897943311638596,0.3199652649747374
3509647.1992833237,-9.897943407522215,0.31996526144263776
3544939.5858581383,-9.897943501875023,0.3199652579669292
3580586.8663808047,-9.897943594734816,0.31996525454621955
3616592.609601611,-9.897943686138765,0.3199652511791392
3652960.4201575383,-9.897943776123487,0.31996524786433955
3689693.938933157,-9.897943864725011,0.3199652446004933
3726796.8434251444,-9.89794395197882,0.3199652413862933
3764272.8481104067,-9.897944037919853,0.3199652382204526
3802125.7048179675,-9.89794412258253,0.31996523510170316
3840359.203104598,-9.897944206000753,0.3199652320287961
3878977.1706341524,-9.89794428820793,0.3199652290005009
3917983.4735607905,-9.89794436923698,0.31996522601560473
3957382.0169160543,-9.897944449120349,0.3199652230729125
3997176.7449997603,-9.89794452789003,0.31996522017124557
4037371.6417749035,-9.89794460557757,0.31996521730944194
4077970.731266523,-9.89794468221408,0.3199652144863555
4118978.077964512,-9.897944757830242,0.31996521170085596
4160397.7872305503,-9.897944832456343,0.3199652089518277
4202234.0057091275,-9.897944906122266,0.3199652062381699
4244490.9217426265,-9.897944978857518,0.31996520355879554
4287172.7657906525,-9.89794505069122,0.319965200912632
4330283.810853586,-9.897945121652137,0.3199651982986194
4373828.37290031,-9.897945191768688,0.3199651957157112
4417810.811300323,-9.897945261068955,0.3199651931628727
4462235.529260193,-9.897945329580688,0.31996519063908174
4507106.974264318,-9.897945397331325,0.3199651881433276
4552429.638520209,-9.897945464347993,0.31996518567461085
4598208.059408244,-9.897945530657534,0.31996518323194284
4644446.8199358545,-9.897945596286503,0.3199651808143454
4691150.549196387,-9.897945661261176,0.3199651784208505
4738323.922832546,-9.897945725607576,0.3199651760504994
4785971.663504442,-9.897945789351475,0.31996517370234295
4834098.541362411,-9.897945852518395,0.31996517137544095
4882709.374524602,-9.897945915133631,0.31996516906886147
4931809.029559269,-9.897945977222264,0.3199651667816807
4981402.421972019,-9.897946038809152,0.31996516451298285
5031494.5166978985,-9.897946099918965,0.3199651622618593
5082090.328598486,-9.897946160576165,0.3199651600274087
5133194.922963883,-9.897946220805053,0.319965157808736
5184813.416019844,-9.897946280629743,0.31996515560495303
5236950.975440011,-9.89794634007419,0.3199651534151771
5289612.820863199,-9.897946399162208,0.3199651512385312
5342804.224415978,-9.89794645791745,0.31996514907414375
5396530.51124052,-9.89794651636345,0.319965146921148
5450797.060027638,-9.897946574523615,0.31996514477868176
5505609.303555308,-9.897946632421233,0.3199651426458871
5560972.72923258,-9.89794669007949,0.31996514052190983
5616892.879648883,-9.897946747521477,0.31996513840589935
5673375.353128933,-9.897946804770193,0.31996513629700846
5730425.804293238,-9.897946861848567,0.31996513419439254
5788049.944624126,-9.897946918779462,0.3199651320972094
5846253.543037573,-9.89794697558567,0.3199651300046194
5905042.426460783,-9.897947032289942,0.3199651279157845
5964422.480415464,-9.897947088914982,0.31996512582986825
6024399.649607079,-9.897947145483473,0.31996512374603514
6084979.93852003,-9.89794720201806,0.31996512166345104
6146169.412018703,-9.897947258541391,0.3199651195812815
6207974.195954683,-9.897947315076097,0.319965117498693
6270400.477780061,-9.89794737164482,0.3199651154148514
6333454.507166805,-9.897947428270214,0.31996511332892225
6397142.596632473,-9.89794748497495,0.3199651112400704
6461471.122172211,-9.897947541781742,0.319965109147459
6526446.523896997,-9.897947598713337,0.31996510705025016
6592075.306678416,-9.897947655792533,0.3199651049476042
6658364.040799923,-9.897947713042191,0.31996510283867885
6725319.362614533,-9.897947770485231,0.31996510072262985
6792947.97520924,-9.897947828144664,0.3199650985986095
6861256.64907613,-9.897947886043575,0.3199650964657675
6930252.222790109,-9.897947944205152,0.3199650943232495
6999941.603693572,-9.897948002652688,0.3199650921701976
7070331.76858796,-9.897948061409584,0.31996509000574963
7141429.764432145,-9.89794812049938,0.31996508782903865
7213242.709047972,-9.897948179945727,0.31996508563919324
7285777.791832822,-9.89794823977244,0.3199650834353362
7359042.274479418,-9.897948300003472,0.31996508121658507
7433043.491702723,-9.897948360662946,0.31996507898205134
7507788.851974291,-9.897948421775153,0.3199650767308401
7583285.838263987,-9.897948483364567,0.31996507446204986
7659542.008789041,-9.897948545455849,0.3199650721747722
7736564.997770771,-9.897948608073865,0.31996506986809103
7814362.51619891,-9.897948671243697,0.3199650675410825
7892942.352603477,-9.897948734990631,0.31996506519281503
7972312.373834567,-9.897948799340204,0.319965062822348
8052480.525849963,-9.897948864318185,0.3199650604287321
8133454.83451053,-9.897948929950594,0.3199650580110088
8215243.406383765,-9.897948996263707,0.31996505556821014
8297854.4295554105,-9.89794906328409,0.3199650530993577
8381296.174449088,-9.897949131038578,0.3199650506034627
8465576.994654324,-9.8979491995543,0.31996504807952586
8550705.32776291,-9.897949268858707,0.31996504552653615
8636689.696213491,-9.897949338979535,0.3199650429434715
8723538.708144853,-9.897949409944877,0.3199650403292973
8811261.058257729,-9.89794948178315,0.3199650376829667
8899865.528685167,-9.897949554523118,0.31996503500342005
8989360.98987178,-9.89794962819391,0.31996503228958434
9079756.401461838,-9.897949702825034,0.31996502954037254
9171060.81319615,-9.897949778446375,0.3199650267546839
9263283.365818102,-9.897949855088218,0.3199650239314027
9356433.291988818,-9.897949932781248,0.3199650210693985
9450519.917211367,-9.897950011556583,0.31996501816752515
9545552.660764407,-9.89795009144577,0.3199650152246205
9641541.036645247,-9.897950172480797,0.31996501223950613
9738494.654522197,-9.897950254694125,0.3199650092109864
9836423.220696677,-9.897950338118665,0.31996500613784884
9935336.539075004,-9.897950422787837,0.3199650030188625
10035244.512149768,-9.897950508735537,0.31996499985277843
10136157.141991258,-9.897950595996193,0.3199649966383288
10238084.531248866,-9.897950684604742,0.31996499337422624
10341036.884162359,-9.897950774596671,0.3199649900591638
10445024.50758354,-9.897950866008017,0.3199649866918138
10550057.812008055,-9.897950958875388,0.3199649832708278
10656147.312617708,-9.897951053235976,0.3199649797948357
10763303.630333025,-9.897951149127564,0.31996497626244563
10871537.49287662,-9.897951246588557,0.319964972672243
10980859.735847237,-9.897951345657983,0.31996496902279004
11091281.303804401,-9.89795144637551,0.3199649653126254
11202813.251364183,-9.897951548781478,0.31996496154026316
11315466.744305963,-9.897951652916896,0.3199649577041927
11429253.060690142,-9.897951758823464,0.31996495380287787
11544183.591987291,-9.897951866543593,0.31996494983475626
11660269.84421864,-9.897951976120424,0.31996494579823886
11777523.439107848,-9.897952087597837,0.31996494169170914
11895956.115244566,-9.897952201020468,0.3199649375135228
12015579.729259664,-9.897952316433747,0.31996493326200637
12136406.257012121,-9.897952433883887,0.3199649289354575
12258447.794788012,-9.897952553417923,0.3199649245321436
12381716.560511583,-9.897952675083724,0.31996492005030114
12506224.894968275,-9.897952798930017,0.3199649154881353
12631985.263040267,-9.897952925006386,0.3199649108438195
12759010.254954444,-9.89795305336333,0.3199649061154935
12887312.587542696,-9.89795318405225,0.3199649013012638
13016905.105515104,-9.897953317125474,0.3199648963992029
13147800.782745946,-9.897953452636301,0.3199648914073472
13280012.723572385,-9.897953590638991,0.3199648863236981
13413554.16410646,-9.897953731188814,0.31996488114621946
13548438.47356028,-9.89795387434205,0.3199648758728382
13684679.15558428,-9.897954020156028,0.31996487050144234
13822289.8496192,-9.897954168689145,0.3199648650298809
13961284.332261648,-9.897954320000878,0.3199648594559628
14101676.518643145,-9.897954474151815,0.3199648537774561
14243480.463823294,-9.897954631203698,0.3199648479920864
14386710.364196962,-9.897954791219414,0.3199648420975372
14531380.558915341,-9.897954954263046,0.3199648360914478
14677505.531321602,-9.897955120399883,0.3199648299714132
14825099.910400802,-9.89795528969646,0.31996482373498236
14974178.472244557,-9.89795546222057,0.31996481737965804
15124756.14153013,-9.8979556380413,0.31996481090289525
15276847.993014684,-9.897955817229064,0.3199648043021
15430469.253044538,-9.89795599985562,0.31996479757462915
15585635.301079351,-9.897956185994094,0.31996479071778877
15742361.671231879,-9.897956375719035,0.3199647837288328
15900664.053823244,-9.89795656910642,0.3199647766049624
16060558.296953546,-9.897956766233687,0.31996476934332496
16222060.408088552,-9.89795696717978,0.3199647619410125
16385186.55566235,-9.897957172025173,0.31996475439506045
16549953.070695821,-9.897957380851892,0.31996474670244723
16716376.448431676,-9.89795759374357,0.3199647388600922
16884473.349985953,-9.897957810785456,0.3199647308648548
17054260.6040158,-9.897958032064471,0.3199647227135332
17225755.20840434,-9.897958257669222,0.31996471440286345
17398974.33196248,-9.897958487690056,0.31996470592951726
17573935.316147525,-9.897958722219094,0.3199646972901013
17750655.676799383,-9.897958961350245,0.31996468848115617
17929153.10589424,-9.897959205179278,0.319964679499154
18109445.473315522,-9.897959453803832,0.3199646703404981
18291550.82864302,-9.897959707323473,0.31996466100152066
18475487.40296,-9.897959965839723,0.31996465147848197
18661273.61067812,-9.897960229456109,0.3199646417675684
18848928.051381107,-9.897960498278199,0.31996463186489105
19038469.511686876,-9.897960772413642,0.3199646217664845
19229916.967128117,-9.897961051972217,0.3199646114683048
19423289.584052097,-9.897961337065883,0.31996460096622775
19618606.72153957,-9.897961627808794,0.3199645902560481
19815887.93334263,-9.897961924317393,0.3199645793334766
20015152.969842423,-9.897962226710415,0.31996456819413926
20216421.78002653,-9.897962535108954,0.3199645568335755
20419714.51348586,-9.897962849636508,0.3199645452472358
20625051.522432033,-9.897963170419043,0.3199645334304801
20832453.363734994,-9.897963497585007,0.31996452137857667
21041940.800980788,-9.897963831265416,0.3199645090866993
21253534.806550413,-9.897964171593904,0.3199644965499253
21467256.563719362,-9.897964518706747,0.3199644837632346
21683127.468778487,-9.897964872742959,0.3199644707215065
21901169.1331758,-9.897965233844303,0.3199644574195187
22121403.38568019,-9.897965602155399,0.3199644438519439
22343852.274566878,-9.897965977823729,0.3199644300133493
22568538.069824472,-9.897966360999737,0.3199644158981929
22795483.265384626,-9.897966751836863,0.31996440150082256
23024710.581374094,-9.897967150491628,0.31996438681547246
23256242.966389038,-9.897967557123668,0.31996437183626203
23490103.599792603,-9.897967971895827,0.3199643565571927
23726315.89403563,-9.8979683949742,0.31996434097214593
23964903.497000247,-9.89796882652821,0.31996432507488076
24205890.29436746,-9.897969266730678,0.31996430885903093
24449300.412008576,-9.897969715757885,0.3199642923181028
24695158.21840022,-9.897970173789641,0.3199642754454727
24943488.327064075,-9.89797064100937,0.31996425823438385
25194315.59903115,-9.897971117604179,0.3199642406779439
25447665.14533041,-9.897971603764915,0.31996422276912245
25703562.32950284,-9.897972099686266,0.3199642045007479
25962032.77014083,-9.897972605566826,0.3199641858655047
26223102.34345262,-9.89797312160918,0.3199641668559301
26486797.18585298,-9.897973648019972,0.3199641474644121
26753143.69657996,-9.89797418501001,0.3199641276831851
27022168.540337496,-9.897974732794335,0.3199641075043278
27293898.64996502,-9.897975291592306,0.31996408691975947
27568361.22913397,-9.8979758616277,0.31996406592123705
27845583.755070884,-9.897976443128783,0.3199640445003519
28125593.981308386,-9.897977036328427,0.31996402264852564
28408419.940463856,-9.897977641464175,0.3199640003570081
28694089.9470455,-9.897978258778357,0.3199639776168725
28982632.600287177,-9.897978888518178,0.31996395441901265
29274076.787011713,-9.897979530935823,0.3199639307541388
29568451.684522495,-9.897980186288542,0.3199639066127747
29865786.763524674,-9.897980854838783,0.31996388198525266
30166111.791075744,-9.897981536854255,0.3199638568617111
30469456.833565235,-9.897982232608085,0.3199638312320889
30775852.259724993,-9.89798294237888,0.31996380508612304
31085328.743669353,-9.897983666450873,0.3199637784133434
31397917.267966267,-9.897984405114018,0.31996375120306897
31713649.126738682,-9.897985158664115,0.31996372344440344
32032555.92879765,-9.897985927402926,0.3199636951262309
32354669.60080701,-9.897986711638286,0.31996366623721173
32680022.39047922,-9.89798751168425,0.31996363676577716
33008646.869804002,-9.897988327861192,0.31996360670012575
33340575.938309394,-9.897989160495955,0.3199635760282176
33675842.82635502,-9.89799000992196,0.31996354473777067
34014481.09845909,-9.897990876479367,0.3199635128162545
34356524.656658806,-9.897991760515183,0.3199634802508868
34702007.74390403,-9.89799266238342,0.31996344702862667
35050964.9474856,-9.89799358244523,0.31996341313617066
35403431.202498235,-9.897994521069055,0.3199633785599465
35759441.79533747,-9.897995478630763,0.3199633432861087
36119032.36723258,-9.897996455513805,0.3199633073005322
36482238.91781491,-9.897997452109378,0.3199632705888066
36849097.80872144,-9.897998468816558,0.31996323313623126
37219645.767235294,-9.897999506042488,0.31996319492780867
37593919.88996283,-9.89800056420252,0.31996315594823854
37971957.64654706,-9.898001643720391,0.319963116181912
38353796.883419015,-9.898002745028393,0.319963075612905
38739475.82758695,-9.898003868567537,0.31996303422497213
39129033.090462856,-9.898005014787742,0.3199629920015401
39522507.67172819,-9.898006184148006,0.3199629489257012
39919938.9632385,-9.898007377116592,0.3199629049802061
40321366.75296657,-9.89800859417122,0.3199628601474574
40726831.22898595,-9.898009835799254,0.3199628144095025
41136372.98349453,-9.898011102497893,0.3199627677480264
41550033.01687786,-9.89801239477438,0.31996272014434407
41967852.741814055,-9.898013713146202,0.3199626715793933
42389873.987420015,-9.898015058141286,0.3199626220337273
42816139.00343849,-9.898016430298233,0.319962571487506
43246690.46446814,-9.89801783016651,0.3199625199204892
43681571.47423603,-9.89801925830668,0.3199624673120277
44120825.56991235,-9.898020715290631,0.3199624136410556
44564496.72646942,-9.898022201701798,0.31996235888608127
45012629.36108394,-9.898023718135407,0.319962303025179
45465268.337584086,-9.898025265198696,0.3199622460359805
45922458.97094045,-9.898026843511168,0.3199621878956657
46384247.03180283,-9.898028453704843,0.3199621285809536
46850678.751082875,-9.89803009642451,0.3199620680680927
47321800.82458169,-9.898031772327972,0.31996200633285216
47797660.41766507,-9.898033482086328,0.31996194335051154
48278305.1699856,-9.898035226384225,0.3199618790958511
48763783.200251415,-9.89803700592015,0.3199618135431416
49254143.11104382,-9.898038821406697,0.3199617466661341
49749433.99368329,-9.898040673570845,0.31996167843804946
50249705.4331436,-9.898042563154268,0.3199616088315678
50755007.51301614,-9.898044490913627,0.31996153781881687
51265390.82052431,-9.898046457620861,0.3199614653713617
51780906.45158727,-9.898048464063505,0.31996139146019303
52301606.01593566,-9.898050511045012,0.31996131605571504
52827541.642278664,-9.898052599385052,0.3199612391277347
53358765.98352218,-9.898054729919872,0.3199611606454484
53895332.22204031,-9.898056903502603,0.31996108057743056
54437294.07499998,-9.898059121003618,0.31996099889162066
54984705.79973804,-9.89806138331087,0.31996091555531037
55537622.199193425,-9.89806369133025,0.31996083053513086
56096098.62739401,-9.898066045985965,0.31996074379703865
56660190.99499757,-9.898068448220885,0.31996065530630285
57229955.77488947,-9.898070898996936,0.31996056502749054
57805450.0078367,-9.898073399295464,0.3199604729244535
58386731.308197685,-9.89807595011767,0.31996037896031243
58973857.86969057,-9.898078552484957,0.3199602830974436
59566888.47121949,-9.89808120743939,0.3199601852974626
60165882.48275844,-9.898083916044069,0.3199600855212098
60770899.87129526,-9.89808667938359,0.31995998372873424
61382001.2068355,-9.898089498564458,0.3199598798792777
61999247.66846553,-9.898092374715535,0.3199597739312587
62622701.0504777,-9.898095308988493,0.31995966584225544
63252423.76855712,-9.898098302558276,0.3199595555689889
63888478.86602952,-9.89810135662357,0.31995944306730595
64530930.02017324,-9.898104472407283,0.319959328292161
65179841.548593774,-9.898107651157025,0.31995921119759857
65835278.41566346,-9.898110894145631,0.31995909173673437
66497306.23902433,-9.898114202671644,0.319958969861737
67165991.29615778,-9.898117578059848,0.31995884552380877
67841400.5310201,-9.8981210216618,0.31995871867316567
68523601.56074369,-9.898124534856365,0.319958589259018
69212662.68240677,-9.89812811905027,0.3199584572295499
69908652.87987122,-9.89813177567867,0.31995832253189843
70611641.83068791,-9.898135506205715,0.31995818511213264
71321699.91307276,-9.898139312125153,0.3199580449152317
72038898.21295291,-9.898143194960902,0.3199579018850634
72763308.53108245,-9.898147156267674,0.31995775596436127
73495003.39023107,-9.898151197631611,0.31995760709470145
74234056.04244494,-9.898155320670893,0.31995745521648006
74980540.47637933,-9.898159527036407,0.3199573002688885
75734531.4247062,-9.898163818412387,0.3199571421898902
76496104.37159641,-9.898168196517117,0.31995698091619423
77265335.56027573,-9.898172663103589,0.31995681638323165
78042302.00065821,-9.898177219960225,0.3199566485251284
78827081.47705632,-9.89818186891158,0.3199564772746798
79619752.55596727,-9.898186611819085,0.31995630256332314
80420394.59393893,-9.898191450581775,0.3199561243211104
81229087.74551496,-9.89819638713707,0.31995594247668036
82045912.97125836,-9.898201423461526,0.3199557569572301
82870952.04585706,-9.898206561571651,0.31995556768848543
83704287.56631124,-9.89821180352469,0.3199553745946719
84546002.96020125,-9.89821715141947,0.3199551775984836
85396182.4940403,-9.898222607397212,0.31995497662105327
86254911.28171119,-9.898228173642417,0.31995477158191993
87122275.2929862,-9.898233852383726,0.31995456239899683
87998361.36213434,-9.898239645894801,0.31995434898853914
88883257.19661504,-9.898245556495265,0.3199541312651097
89777051.38585782,-9.898251586551597,0.3199539091415454
90679833.41013166,-9.898257738478097,0.31995368252892226
91591693.64950378,-9.898264014737856,0.3199534513365193
92512723.39288664,-9.898270417843724,0.3199532154717833
93443014.84717794,-9.898276950359334,0.31995297484029067
94382661.1464913,-9.898283614900116,0.3199527293457104
95331756.36148098,-9.898290414134342,0.31995247888976547
96290395.50875838,-9.89829735078421,0.3199522233721931
97258674.56040499,-9.898304427626915,0.31995196269070514
98236690.45358104,-9.898311647495756,0.3199516967409472
99224541.10022898,-9.898319013281306,0.3199514254164562
100222325.3968763,-9.898326527932516,0.31995114860861884
101230143.23453693,-9.898334194457941,0.3199508662066272
102248095.50871044,-9.898342015926909,0.3199505780974353
103276284.12948374,-9.898349995470772,0.3199502841657132
104314812.03173298,-9.89835813628415,0.3199499842938012
105363783.18543081,-9.898366441626209,0.3199496783616628
106423302.60605034,-9.89837491482196,0.3199493662468368
107493476.36508465,-9.898383559263607,0.3199490478243879
108574411.60066102,-9.898392378411868,0.3199487229668575
109666216.5282687,-9.898401375797409,0.319948391544212
110769000.45159435,-9.898410555022204,0.31994805342379146
111882873.77345993,-9.898419919761025,0.3199477084702558
113007948.00688158,-9.898429473762867,0.31994735654553164
114144335.7862287,-9.89843922085248,0.3199469975087564
115292150.87850226,-9.898449164931883,0.31994663121622224
116451508.19472392,-9.898459309981927,0.31994625752131883
117622523.8014396,-9.89846966006389,0.3199458762744743
118805314.93234162,-9.898480219321101,0.3199454873230958
120000000.00000007,-9.898490991980589,0.31994509051150877
